Name,Purpose,Qty,Total (USD),Link,Distributor
,,,,,
,,,,,
Seeed Studio XIAO nRF52840 (XIAO BLE),they are the microcontrollers,2,$19.80,https://www.seeedstudio.com/Seeed-XIAO-BLE-nRF52840-p-5201.html,seeed studio
,,,,,
,,,,,
0805 806k resistors,for part of vbat,100,$1.68,<a href=https://www.aliexpress.com/item/1005005184230104.html?spm=a2g0o.productlist.main.1.6249IJXxIJXxPH&algo_pvid=938eadd9-71ba-4352-88da-76219ebfed72&algo_exp_id=938eadd9-71ba-4352-88da-76219ebfed72-0&pdp_ext_f=%7B%22order%22%3A%2216%22%2C%22eval%22%3A%221%22%2C%22fromPage%22%3A%22search%22%7D&pdp_npi=6%40dis%21EUR%212.25%210.86%21%21%2117.66%216.76%21%402103894417762777976955069ec2d7%2112000032017018112%21sea%21GR%216010249690%21ABX%211%210%21n_tag%3A-29910%3Bd%3A8b9bcfc7%3Bm03_new_user%3A-29895%3BpisId%3A5000000203610259&curPageLogUid=4cgpcI0GnRlD&utparam-url=scene%3Asearch%7Cquery_from%3A%7Cx_object_id%3A1005005184230104%7C_p_origin_prod%3A>link,aliexpress
,,,,,
,,,,,
0805 2M resistors,for the bt pin,100,$2.18,<a href=https://www.aliexpress.com/item/1005006984056678.html?spm=a2g0o.productlist.main.2.7815aVFfaVFfLN&algo_pvid=960215ef-88d4-41a2-85b6-4be4d2de7d72&algo_exp_id=960215ef-88d4-41a2-85b6-4be4d2de7d72-1&pdp_ext_f=%7B%22order%22%3A%22106%22%2C%22eval%22%3A%221%22%2C%22fromPage%22%3A%22search%22%7D&pdp_npi=6%40dis%21EUR%211.76%210.86%21%21%2113.79%216.72%21%402103963717762779223528530e0524%2112000038943042424%21sea%21GR%216010249690%21ABX%211%210%21n_tag%3A-29910%3Bd%3A8b9bcfc7%3Bm03_new_user%3A-29895%3BpisId%3A5000000203610259&curPageLogUid=NDv0RorZTDqo&utparam-url=scene%3Asearch%7Cquery_from%3A%7Cx_object_id%3A1005006984056678%7C_p_origin_prod%3A>link,aliexpress
,,,,,
,,,,,
1N4148W T4 SOD-123 diodes,needed for the keyboard matrix,100,$1.84,"<a href=https://www.aliexpress.com/item/1005010653199938.html?spm=a2g0o.detail.pcDetailTopMoreOtherSeller.9.6064rMHVrMHVt1&gps-id=pcDetailTopMoreOtherSeller&scm=1007.40050.354490.0&scm_id=1007.40050.354490.0&scm-url=1007.40050.354490.0&pvid=9ca8f257-295a-4de2-a5ff-3a8f67253366&_t=gps-id:pcDetailTopMoreOtherSeller,scm-url:1007.40050.354490.0,pvid:9ca8f257-295a-4de2-a5ff-3a8f67253366,tpp_buckets:668%232846%238107%231934&pdp_ext_f=%7B%22order%22%3A%221531%22%2C%22eval%22%3A%221%22%2C%22orig_sl_item_id%22%3A%221005010653199938%22%2C%22orig_item_id%22%3A%221005007160563285%22%2C%22sceneId%22%3A%2230050%22%2C%22fromPage%22%3A%22recommend%22%7D&pdp_npi=6%40dis%21EUR%211.34%210.86%21%21%2110.50%216.70%21%40211b612517762807244226998ec4d3%2112000053087454998%21rec%21GR%216010249690%21ABXZ%211%210%21n_tag%3A-29910%3Bd%3A8b9bcfc7%3Bm03_new_user%3A-29895%3BpisId%3A5000000203610259&utparam-url=scene%3ApcDetailTopMoreOtherSeller%7Cquery_from%3A%7Cx_object_id%3A1005010653199938%7C_p_origin_prod%3A1005007160563285>link",aliexpress
,,,,,
,,,,,
kailh choc v2 hotswap sockets,the are the hotswap sockets for my keyswitches,50,$5.81,<a href=https://www.aliexpress.com/item/1005006610506123.html?pdp_npi=4%40dis%21EUR%213.60%211.51%21%21%2129.54%2112.37%21%402141329e17534982253082340d184a%2112000037826084041%21affd%21%21%21&cv=c45834a1-6097-4ce5-bd0a-eecf81d5bb63&gclid=Cj0KCQjwy_fOBhC6ARIsAHKFB79GB903IfZviU8ujcMX8Y--gl5Zxm7TP2JwkSXSLCZnXrenfdEWX5QaAnXwEALw_wcB&aff_fcid=73996a7b7e504db59aeb61aecc68347f-1776206585399-09693&aff_fsk&aff_platform=api-new-product-query&sk&aff_trace_key=73996a7b7e504db59aeb61aecc68347f-1776206585399-09693&terminal_id=88e593aa98a443b1bd172a14f593b1ca&afSmartRedirect=y>link,aliexpress
,,,,,
,,,,,
kailh choc v2 deep sea silent mini whale brown,they are the keyswitches,50,$12.97,<a href=https://www.aliexpress.com/item/1005008382793794.html?spm=a2g0o.cart.0.0.695838daIfg5m9&mp=1&pdp_npi=6%40dis%21EUR%21EUR%2032.40%21EUR%2010.99%21%21EUR%2010.99%21%21%21%40211b629217762869039837251e1abb%2112000044795077989%21ct%21GR%216010249690%21%211%210%21>link,aliexpress
,,,,,
,,,,,
the pcb,its the pcb,5,$15.80,(jlcpcb wont let me share my cart so youll have to do it yourself via jlcpcb),jlcpcb
,,,,,
,,,,,
3.7v li-po 501350 batteries,they are the batteries for the keyboard,2,$11.08,<a href=https://www.aliexpress.com/item/1005011541459046.html?spm=a2g0o.productlist.main.11.4ed12433TM4x7g&algo_pvid=8316d1d1-ff45-4c59-8bb0-ead331b8cc5e&algo_exp_id=8316d1d1-ff45-4c59-8bb0-ead331b8cc5e-10&pdp_ext_f=%7Border%3A6%2Ceval%3A1%2CfromPage%3Asearch%7D&pdp_npi=6%40dis%21EUR%219.45%219.45%21%21%2173.72%2173.71%21%40211b80c217770748274287120e82a1%2112000055867197802%21sea%21GR%216010249690%21ABX%211%210%21n_tag%3A-29910%3Bd%3A8b9bcfc7%3Bm03_new_user%3A-29895&curPageLogUid=aRGigff6t9rL&utparam-url=scene%3Asearch%7Cquery_from%3A%7Cx_object_id%3A1005011541459046%7C_p_origin_prod%3A>link,aliexpress
,,,,,
,,,,,
8mm m3 screw standoffs,they are the standoffs for the case,30,$4.05,<a href=https://www.aliexpress.com/item/1005002952338852.html?spm=a2g0o.productlist.main.2.76a7fdqufdquHE&algo_pvid=8a34bb07-f5e5-4cf5-919e-072324ce4bfc&algo_exp_id=8a34bb07-f5e5-4cf5-919e-072324ce4bfc-1&pdp_ext_f=%7Border%3A4531%2Ceval%3A1%2CfromPage%3Asearch%7D&pdp_npi=6%40dis%21EUR%213.45%210.86%21%21%2127.01%216.77%21%40211b6c1717778417414317970e04bb%2112000022953911085%21sea%21GR%216010249690%21ABX%211%210%21n_tag%3A-29910%3Bd%3A8b9bcfc7%3Bm03_new_user%3A-29895%3BpisId%3A5000000203887847&curPageLogUid=u8OJuwyjTbWf&utparam-url=scene%3Asearch%7Cquery_from%3A%7Cx_object_id%3A1005002952338852%7C_p_origin_prod%3A>link,aliexpress
,,,,,
,,,,,
8mm m3 screws,they are the screws for the build,50,$2.89,<a href=https://www.aliexpress.com/item/1005005618746295.html?spm=a2g0o.productlist.main.12.47bdiGGViGGVl8&aem_p4p_detail=2026050314395414124994392997550004262633&algo_pvid=af90b46d-2b12-4a03-9fbb-445107ef9b00&algo_exp_id=af90b46d-2b12-4a03-9fbb-445107ef9b00-11&pdp_ext_f=%7Border%3A7662%2Ceval%3A1%2CfromPage%3Asearch%7D&pdp_npi=6%40dis%21EUR%211.34%210.86%21%21%2110.45%216.76%21%402103867617778443947378432ef33c%2112000033767212213%21sea%21GR%216010249690%21ABX%211%210%21n_tag%3A-29910%3Bd%3A8b9bcfc7%3Bm03_new_user%3A-29895%3BpisId%3A5000000203887870&curPageLogUid=aeUfHf83b7Vf&utparam-url=scene%3Asearch%7Cquery_from%3A%7Cx_object_id%3A1005005618746295%7C_p_origin_prod%3A&search_p4p_id=2026050314395414124994392997550004262633_3>link,aliexpress
